firm_id,firm_name,razon_social,cordoba_evidence_url,hs4,hs_revision,hs4_evidence,hs4_source_url,ciiu_rev4,supports_top50_line,top50_line_name,attribution_type,source_type,confidence,notes
2837,FRIGORÍFICO SAN ANTONIO,CHACINADOS SAN ANTONIO S.R.L.,https://www.exportadoresdecordoba.com/single.php?search=2837,1601,HS92,"Products CHORIZO DE CERDO, MORCILLA, SALCHICHA, SALAME → HS 1601 'sausages and similar products, of meat, meat offal or blood'.",https://www.exportadoresdecordoba.com/single.php?search=2837,1079,29899,Manufacturas de origen agropecuario (confidencial),confidential,registry,high,Carnes y derivados
2837,FRIGORÍFICO SAN ANTONIO,CHACINADOS SAN ANTONIO S.R.L.,https://www.exportadoresdecordoba.com/single.php?search=2837,1602,HS92,"Products MATAMBRE, BONDIOLA, ARROLLADO DE CERDO, CARRE DE CERDO and firm description 'cortes porcinos, embutidos, fiambres' → HS 1602 'other prepared or preserved meat'. (Raw cuts would be HS 0203 instead.)",https://www.exportadoresdecordoba.com/single.php?search=2837,1079,29899,Manufacturas de origen agropecuario (confidencial),confidential,registry,medium,Carnes y derivados
1393,ESNAOLA - GRUPO DULCOR,J A ESNAOLA E HIJOS S A A I C E I,https://www.exportadoresdecordoba.com/single.php?search=1393,2007,HS92,"Products MERMELADAS, JALEAS, DULCE DE MEMBRILLO, DULCE DE BATATA → HS 2007 'jams, fruit jellies, marmalades, fruit or nut purée and pastes'.",https://www.exportadoresdecordoba.com/single.php?search=1393,1030,210Z,"Resto preparados de legumbres, hortalizas y frutas",resto,registry,high,"Dulces y Confituras, Preparados Alimenticios"
1393,ESNAOLA - GRUPO DULCOR,J A ESNAOLA E HIJOS S A A I C E I,https://www.exportadoresdecordoba.com/single.php?search=1393,1806,HS92,"Products POSTRE DE DULCE DE LECHE CON CHOCOLATE, DULCE DE BATATA CON CHOCOLATE → HS 1806 'chocolate and other food preparations containing cocoa'.",https://www.exportadoresdecordoba.com/single.php?search=1393,1073,209CB,Preparaciones de cacao,clean,registry,high,"Dulces y Confituras, Preparados Alimenticios"
5570,INCHIK,INCHIK S.A.,https://www.exportadoresdecordoba.com/single.php?search=5570,1202,HS92,"Products MANÍ CRUDO, MANÍ BLANCHEADO, GRANA DE MANÍ → HS 1202 'groundnuts, not roasted or otherwise cooked, whether or not shelled or broken'.",https://www.exportadoresdecordoba.com/single.php?search=5570,1040,107D,Maní,clean,registry,high,"Oleaginosas, Otros Productos Alimenticios"
5570,INCHIK,INCHIK S.A.,https://www.exportadoresdecordoba.com/single.php?search=5570,2008,HS92,"Product MANÍ TOSTADO → HS 2008.11 'groundnuts, otherwise prepared or preserved' → HS4 2008.",https://www.exportadoresdecordoba.com/single.php?search=5570,1079,210Z,"Resto preparados de legumbres, hortalizas y frutas",resto,registry,high,"Oleaginosas, Otros Productos Alimenticios"
4672,VERTRAUEN,VERTRAUEN SOCIEDAD DE RESPONSABILIDAD LIMITADA,https://www.exportadoresdecordoba.com/single.php?search=4672,2106,HS92,"Products CONSERVANTES, ESTABILIZANTES, SABORIZANTES, FORMULADOS A MEDIDA (food additive blends) → HS 2106 'food preparations not elsewhere specified or included'.",https://www.exportadoresdecordoba.com/single.php?search=4672,1079,29899,Manufacturas de origen agropecuario (confidencial),confidential,registry,medium,Otros Productos Alimenticios
4672,VERTRAUEN,VERTRAUEN SOCIEDAD DE RESPONSABILIDAD LIMITADA,https://www.exportadoresdecordoba.com/single.php?search=4672,3505,HS92,Product ALMIDONES MODIFICADOS → HS 3505 'dextrins and other modified starches'.,https://www.exportadoresdecordoba.com/single.php?search=4672,1062,39899,Manufacturas de origen industrial (confidencial),confidential,registry,medium,Otros Productos Alimenticios
4672,VERTRAUEN,VERTRAUEN SOCIEDAD DE RESPONSABILIDAD LIMITADA,https://www.exportadoresdecordoba.com/single.php?search=4672,3204,HS92,Product COLORANTES (no specificity registry-side as to natural vs synthetic; default to synthetic organic colourants) → HS 3204 'synthetic organic colouring matter'.,https://www.exportadoresdecordoba.com/single.php?search=4672,2011,39899,Manufacturas de origen industrial (confidencial),confidential,registry,low,Otros Productos Alimenticios
2259,PELLFOOD,BOLLATTI JORGE LUIS,https://www.exportadoresdecordoba.com/single.php?search=2259,1214,HS92,"Products PELLETS DE ALFALFA, ALFALFA EN FARDOS + description 'pellets de alfalfa, son el mayor referente en lo que respecta a la producción y comercialización de alfalfas' → HS 1214 'swedes, mangolds, fodder roots, hay, lucerne (alfalfa), clover, sainfoin… whether or not in the form of pellets'.",https://www.exportadoresdecordoba.com/single.php?search=2259,0163,107Z,Resto semillas y frutos oleaginosos,resto,registry,high,Alimentación animal
2160,ACEITERA GENERAL DEHEZA SA - AGD,ACEITERA GENERAL DEHEZA S.A.,https://www.exportadoresdecordoba.com/single.php?search=2160,1001,HS92,Product TRIGO PAN → HS 1001 'wheat and meslin'.,https://www.exportadoresdecordoba.com/single.php?search=2160,1040,106A,Trigo,clean,registry,high,"Aceites, Cereales, Harinas, Oleaginosas, Otros Productos Alimenticios, Residuos Alimenticios"
2160,ACEITERA GENERAL DEHEZA SA - AGD,ACEITERA GENERAL DEHEZA S.A.,https://www.exportadoresdecordoba.com/single.php?search=2160,1005,HS92,Product MAÍZ → HS 1005 'maize (corn)'.,https://www.exportadoresdecordoba.com/single.php?search=2160,1040,106B,Maíz,clean,registry,high,"Aceites, Cereales, Harinas, Oleaginosas, Otros Productos Alimenticios, Residuos Alimenticios"
2160,ACEITERA GENERAL DEHEZA SA - AGD,ACEITERA GENERAL DEHEZA S.A.,https://www.exportadoresdecordoba.com/single.php?search=2160,1007,HS92,Product SORGO → HS 1007 'grain sorghum'.,https://www.exportadoresdecordoba.com/single.php?search=2160,1040,106C,Sorgo granífero,clean,registry,high,"Aceites, Cereales, Harinas, Oleaginosas, Otros Productos Alimenticios, Residuos Alimenticios"
2160,ACEITERA GENERAL DEHEZA SA - AGD,ACEITERA GENERAL DEHEZA S.A.,https://www.exportadoresdecordoba.com/single.php?search=2160,1202,HS92,"Product MANÍ CONFITERÍA → HS 1202 'groundnuts not roasted, whether or not shelled' (confectionery-grade peanuts are raw).",https://www.exportadoresdecordoba.com/single.php?search=2160,1040,107D,Maní,clean,registry,high,"Aceites, Cereales, Harinas, Oleaginosas, Otros Productos Alimenticios, Residuos Alimenticios"
2160,ACEITERA GENERAL DEHEZA SA - AGD,ACEITERA GENERAL DEHEZA S.A.,https://www.exportadoresdecordoba.com/single.php?search=2160,1507,HS92,"Products ACEITE CRUDO SOJA, ACEITE REFINADO SOJA, OLEINA SOJA → HS 1507 'soya-bean oil and its fractions'.",https://www.exportadoresdecordoba.com/single.php?search=2160,1040,208AA,Aceite de soja,clean,registry,high,"Aceites, Cereales, Harinas, Oleaginosas, Otros Productos Alimenticios, Residuos Alimenticios"
2160,ACEITERA GENERAL DEHEZA SA - AGD,ACEITERA GENERAL DEHEZA S.A.,https://www.exportadoresdecordoba.com/single.php?search=2160,1508,HS92,"Products ACEITE CRUDO MANÍ, OLEINA MANÍ → HS 1508 'groundnut oil and its fractions'.",https://www.exportadoresdecordoba.com/single.php?search=2160,1040,208AC,Aceite de maní,clean,registry,high,"Aceites, Cereales, Harinas, Oleaginosas, Otros Productos Alimenticios, Residuos Alimenticios"
2160,ACEITERA GENERAL DEHEZA SA - AGD,ACEITERA GENERAL DEHEZA S.A.,https://www.exportadoresdecordoba.com/single.php?search=2160,1512,HS92,"Products ACEITE CRUDO GIRASOL, ACEITE REFINADO GIRASOL, ACEITE NATURA BOT 1 LT, OLEINA GIRASOL → HS 1512 'sunflower-seed, safflower or cotton-seed oil and fractions'.",https://www.exportadoresdecordoba.com/single.php?search=2160,1040,208Z,Resto grasas y aceites,resto,registry,high,"Aceites, Cereales, Harinas, Oleaginosas, Otros Productos Alimenticios, Residuos Alimenticios"
2160,ACEITERA GENERAL DEHEZA SA - AGD,ACEITERA GENERAL DEHEZA S.A.,https://www.exportadoresdecordoba.com/single.php?search=2160,2304,HS92,"Products HARINA SOJA 42%, PELLETS SOJA → HS 2304 'oilcake and other solid residues from the extraction of soya-bean oil'.",https://www.exportadoresdecordoba.com/single.php?search=2160,1040,212AE,Subproductos oleaginosos de soja,clean,registry,high,"Aceites, Cereales, Harinas, Oleaginosas, Otros Productos Alimenticios, Residuos Alimenticios"
2160,ACEITERA GENERAL DEHEZA SA - AGD,ACEITERA GENERAL DEHEZA S.A.,https://www.exportadoresdecordoba.com/single.php?search=2160,2306,HS92,Product PELLETS GIRASOL → HS 2306 'oilcake and solid residues from the extraction of other vegetable oils' (incl. sunflower).,https://www.exportadoresdecordoba.com/single.php?search=2160,1040,212Z,Resto residuos alimenticios y prep. para animales,resto,registry,high,"Aceites, Cereales, Harinas, Oleaginosas, Otros Productos Alimenticios, Residuos Alimenticios"
2160,ACEITERA GENERAL DEHEZA SA - AGD,ACEITERA GENERAL DEHEZA S.A.,https://www.exportadoresdecordoba.com/single.php?search=2160,2923,HS92,Product LECITINA SOJA → HS 2923 'quaternary ammonium salts and hydroxides; lecithins'. (INDEC Complejo soja accounts this under MOA per the methodology PDF; explicit top-50 line for HS ch. 29 is the MOI line 302B.),https://www.exportadoresdecordoba.com/single.php?search=2160,2011,302B,Productos químicos orgánicos,broad-chapter,registry,high,"Aceites, Cereales, Harinas, Oleaginosas, Otros Productos Alimenticios, Residuos Alimenticios"
582,LA BLANCA SA,LA BLANCA S.A.,https://www.exportadoresdecordoba.com/single.php?search=582,1901,HS92,"Product DULCE DE LECHE + description 'industria láctea dedicada a la elaboración de dulce de leche' → HS 1901 'food preparations of flour, groats, meal, starch or malt extract, or food preparations of goods of heading 0401 to 0404'; Mercosur classifies dulce de leche as 1901.90.20.",https://www.exportadoresdecordoba.com/single.php?search=582,1050,29899,Manufacturas de origen agropecuario (confidencial),confidential,registry,high,Lácteos
700,BUSTOS Y BELTRAN S.A. / GRUPO BELTRÁN,BUSTOS Y BELTRAN S A S. A.,https://www.exportadoresdecordoba.com/single.php?search=700,0201,HS92,"Product CARNE BOVINA FRESCA O REFRIGERADA Y DESHUESADA → HS 0201 'meat of bovine animals, fresh or chilled'.",https://www.exportadoresdecordoba.com/single.php?search=700,1011,201AA,Carne bovina,clean,registry,high,Carnes y derivados
700,BUSTOS Y BELTRAN S.A. / GRUPO BELTRÁN,BUSTOS Y BELTRAN S A S. A.,https://www.exportadoresdecordoba.com/single.php?search=700,0202,HS92,"Product CARNE BOVINA CONGELADA Y DESHUESADA → HS 0202 'meat of bovine animals, frozen'.",https://www.exportadoresdecordoba.com/single.php?search=700,1011,201AA,Carne bovina,clean,registry,high,Carnes y derivados
700,BUSTOS Y BELTRAN S.A. / GRUPO BELTRÁN,BUSTOS Y BELTRAN S A S. A.,https://www.exportadoresdecordoba.com/single.php?search=700,0206,HS92,"Products LENGUA, HIGADO, RABO, PULMÓN, TENDONES, AORTA, MONDONGO, LIBRILLO → HS 0206 'edible offal of bovine animals, swine, sheep, goats, horses, asses, mules or hinnies, fresh, chilled or frozen' (bovine, given firm description 'faenamiento de vacunos').",https://www.exportadoresdecordoba.com/single.php?search=700,1011,19899,Productos primarios (confidencial),confidential,registry,high,Carnes y derivados
2037,ACEITUNAS ALVAREZ,CUENCA DEL SOL S A,https://www.exportadoresdecordoba.com/single.php?search=2037,1509,HS92,"Product ACEITE DE OLIVA + description 'elabora y procesa aceitunas y aceite de oliva' → HS 1509 'olive oil and its fractions, whether or not refined, but not chemically modified'.",https://www.exportadoresdecordoba.com/single.php?search=2037,1040,208Z,Resto grasas y aceites,resto,registry,high,"Aceites, Aceitunas"
2037,ACEITUNAS ALVAREZ,CUENCA DEL SOL S A,https://www.exportadoresdecordoba.com/single.php?search=2037,2005,HS92,"Product ACEITUNAS + 'elabora y procesa' (i.e., processed table olives in brine, not raw) → HS 2005 'other vegetables prepared or preserved otherwise than by vinegar or acetic acid, not frozen' (table olives = subheading 2005.70).",https://www.exportadoresdecordoba.com/single.php?search=2037,1030,210Z,"Resto preparados de legumbres, hortalizas y frutas",resto,registry,high,"Aceites, Aceitunas"
241,BERTOTTO BOGLIONE,BERTOTTO BOGLIONE SOC ANON,https://www.exportadoresdecordoba.com/single.php?search=241,3925,HS92,"Product TANQUES DE POLIETILENO + description 'fábrica de tanques metálicos y plásticos… plantas de almacenamiento de líquidos' → HS 3925 'builders' ware of plastics, not elsewhere specified or included' (subheading 3925.10 covers reservoirs, tanks, vats of capacity > 300 L).",https://www.exportadoresdecordoba.com/single.php?search=241,2220,303,Materias plásticas y sus manufacturas,broad-chapter,registry,high,"Máquinas y Aparatos, Metales y sus manufacturas, Plásticos y Derivados"
241,BERTOTTO BOGLIONE,BERTOTTO BOGLIONE SOC ANON,https://www.exportadoresdecordoba.com/single.php?search=241,7309,HS92,"Product TANQUES DE ACERO → HS 7309 'reservoirs, tanks, vats and similar containers, of iron or steel, of a capacity exceeding 300 L'.",https://www.exportadoresdecordoba.com/single.php?search=241,2511,311AZ,Resto arrabio/fundición/hierro/acero,resto,registry,high,"Máquinas y Aparatos, Metales y sus manufacturas, Plásticos y Derivados"
241,BERTOTTO BOGLIONE,BERTOTTO BOGLIONE SOC ANON,https://www.exportadoresdecordoba.com/single.php?search=241,8413,HS92,"Product ESTACIONES DE SERVICIOS MÓVILES (mobile fuel-dispensing stations) — essential character is the fuel pump → HS 8413 'pumps for liquids, whether or not fitted with a measuring device' (subheading 8413.11 covers pumps fitted with measuring device for liquid fuel). Alternative classification as combined tank/equipment is possible.",https://www.exportadoresdecordoba.com/single.php?search=241,2813,312AB,"Bombas, motobombas, turbobombas y partes",named-aggregate,registry,medium,"Máquinas y Aparatos, Metales y sus manufacturas, Plásticos y Derivados"
2172,DENSO MANUFACTURING ARGENTINA SA,DENSO MANUFACTURING ARGENTINA S.A.,https://www.exportadoresdecordoba.com/single.php?search=2172,8415,HS92,Product CONDENSADOR (automotive AC condenser) + firm is auto-AC tier-1 supplier → HS 8415 'air conditioning machines' (parts under 8415.90).,https://www.exportadoresdecordoba.com/single.php?search=2172,2750,312AC,Material para producción de frío y partes,named-aggregate,registry,high,Autopartes
2172,DENSO MANUFACTURING ARGENTINA SA,DENSO MANUFACTURING ARGENTINA S.A.,https://www.exportadoresdecordoba.com/single.php?search=2172,8708,HS92,"Products RADIADORES PARA AUTOS, ACCESORIOS PARA AUTOS → HS 8708 'parts and accessories of the motor vehicles of headings 8701 to 8705' (radiators specifically 8708.91).",https://www.exportadoresdecordoba.com/single.php?search=2172,2930,313BC,Partes y piezas de vehículos y tractores,named-aggregate,registry,high,Autopartes
1715,AGROMETAL SAI,AGROMETAL SOC ANON IND,https://www.exportadoresdecordoba.com/single.php?search=1715,8432,HS92,"Product SEMBRADORAS + description 'sembradoras de precisión' → HS 8432 'agricultural, horticultural or forestry machinery for soil preparation or cultivation; seeders, planters and transplanters' (seed drills = subheading 8432.30).",https://www.exportadoresdecordoba.com/single.php?search=1715,2821,312AL,Otras máquinas y aparatos mecánicos,broad-chapter,registry,high,Maquinaria agrícola y partes
5650,LA INDUSTRIAL SALINERA S.A.,LA INDUSTRIAL SALINERA SA,https://www.exportadoresdecordoba.com/single.php?search=5650,2501,HS92,"Products SAL GEMA, SAL MARINA, CLORURO DE SODIO 99.5%, SAL DE MESA, SAL DESNATURALIZADA + description 'sales naturales en las Salinas Grandes… sin procesos químicos o industriales' → HS 2501 'salt (including table salt and denatured salt) and pure sodium chloride; sea water'.",https://www.exportadoresdecordoba.com/single.php?search=5650,0893,19899,Productos primarios (confidencial),confidential,registry,high,"Alimentación animal, Condimentos y Aderezos, Minerales y rocas, Productos Químicos"
1315,CARTOTECNICA HORES,CARTOTECNICA HORES S R L,https://www.exportadoresdecordoba.com/single.php?search=1315,4823,HS92,"Product MOLDES DE PAPEL + description 'fabricantes de moldes de papel para… pan dulce, budines, roscas, bizcochuelo' → HS 4823 'other paper, paperboard, cellulose wadding and webs of cellulose fibres, cut to size or shape; other articles of paper pulp' (paper baking moulds typically 4823.70/4823.90).",https://www.exportadoresdecordoba.com/single.php?search=1315,1709,306A,"Papel, cartón y sus manufacturas",broad-chapter,registry,high,Papel / Cartón / Editoriales
3614,NANOMIX,ENDROP S.R.L.,https://www.exportadoresdecordoba.com/single.php?search=3614,3105,HS92,"Products NANOMIX NITRO/LEGUS/DUO/GYPS + website (www.nanomix.com.ar) confirms 'nano fertilizantes minerales en suspensión', 'nano enmiendas minerales en suspensión', 'tratamiento de semillas de nano minerales' — mineral fertilizers, not biological inoculants → HS 3105 'mineral or chemical fertilisers containing two or three of the fertilising elements nitrogen, phosphorus and potassium; other fertilisers'.",https://www.exportadoresdecordoba.com/single.php?search=3614,2012,39899,Manufacturas de origen industrial (confidencial),confidential,web-other (nanomix.com.ar),medium,Productos Químicos
4037,FÁBRICA DE ALIMENTOS SANTA CLARA S.A.,FABRICA DE ALIMENTOS SANTA CLARA SA,https://www.exportadoresdecordoba.com/single.php?search=4037,0402,HS92,"Products LECHE EN POLVO DESCREMADA, LECHE EN POLVO ENTERA → HS 0402 'milk and cream, concentrated or containing added sugar or other sweetening matter' (powdered milk = 0402.10/0402.21).",https://www.exportadoresdecordoba.com/single.php?search=4037,1050,203A,Leches preparadas,clean,registry,high,Lácteos
4037,FÁBRICA DE ALIMENTOS SANTA CLARA S.A.,FABRICA DE ALIMENTOS SANTA CLARA SA,https://www.exportadoresdecordoba.com/single.php?search=4037,0403,HS92,"Product SUERO DE MANTECA → HS 0403 'buttermilk, curdled milk and cream, yogurt, kefir and other fermented or acidified milk'.",https://www.exportadoresdecordoba.com/single.php?search=4037,1050,19899,Productos primarios (confidencial),confidential,registry,high,Lácteos
4037,FÁBRICA DE ALIMENTOS SANTA CLARA S.A.,FABRICA DE ALIMENTOS SANTA CLARA SA,https://www.exportadoresdecordoba.com/single.php?search=4037,0405,HS92,Product GRASA ANHIDRA (anhydrous milk fat) → HS 0405 'butter and other fats and oils derived from milk; dairy spreads' (anhydrous milk fat = 0405.90).,https://www.exportadoresdecordoba.com/single.php?search=4037,1050,203B,Manteca,clean,registry,high,Lácteos
4037,FÁBRICA DE ALIMENTOS SANTA CLARA S.A.,FABRICA DE ALIMENTOS SANTA CLARA SA,https://www.exportadoresdecordoba.com/single.php?search=4037,0406,HS92,Product QUESO CREMA → HS 0406 'cheese and curd'.,https://www.exportadoresdecordoba.com/single.php?search=4037,1050,203C,Quesos,clean,registry,high,Lácteos
4037,FÁBRICA DE ALIMENTOS SANTA CLARA S.A.,FABRICA DE ALIMENTOS SANTA CLARA SA,https://www.exportadoresdecordoba.com/single.php?search=4037,1901,HS92,Product DULCE DE LECHE → HS 1901 'food preparations of flour/groats/milk… not elsewhere specified' (Mercosur 1901.90.20).,https://www.exportadoresdecordoba.com/single.php?search=4037,1050,29899,Manufacturas de origen agropecuario (confidencial),confidential,registry,high,Lácteos
2343,LA VARENSE,LA VARENSE S R L,https://www.exportadoresdecordoba.com/single.php?search=2343,0402,HS92,"Product LECHE EN POLVO ENTERA 26% MATERIA GRASA → HS 0402.21 'milk in solid form, of fat content > 1.5%, unsweetened' → HS4 0402.",https://www.exportadoresdecordoba.com/single.php?search=2343,1050,203A,Leches preparadas,clean,registry,high,Lácteos
239,DULCOR,DULCOR S.A.,https://www.exportadoresdecordoba.com/single.php?search=239,0409,HS92,Product MIEL → HS 0409 'natural honey'.,https://www.exportadoresdecordoba.com/single.php?search=239,1079,103,Miel,clean,registry,high,"Aceitunas, Condimentos y Aderezos, Dulces y Confituras, Lácteos, Miel, Preparados Alimenticios"
239,DULCOR,DULCOR S.A.,https://www.exportadoresdecordoba.com/single.php?search=239,1704,HS92,Product TURRÓN DE MANÍ → HS 1704 'sugar confectionery (incl. white chocolate) not containing cocoa' (turrón sin cobertura de cacao = 1704.90).,https://www.exportadoresdecordoba.com/single.php?search=239,1073,209B,Confitería sin cacao,clean,registry,high,"Aceitunas, Condimentos y Aderezos, Dulces y Confituras, Lácteos, Miel, Preparados Alimenticios"
239,DULCOR,DULCOR S.A.,https://www.exportadoresdecordoba.com/single.php?search=239,1901,HS92,Product DULCE DE LECHE → HS 1901.,https://www.exportadoresdecordoba.com/single.php?search=239,1050,29899,Manufacturas de origen agropecuario (confidencial),confidential,registry,high,"Aceitunas, Condimentos y Aderezos, Dulces y Confituras, Lácteos, Miel, Preparados Alimenticios"
239,DULCOR,DULCOR S.A.,https://www.exportadoresdecordoba.com/single.php?search=239,1905,HS92,"Product PANNETTONE → HS 1905 'bread, pastry, cakes, biscuits and other bakers' wares' (pannettone = 1905.90).",https://www.exportadoresdecordoba.com/single.php?search=239,1071,207CB,Pastas alimenticias y productos de panadería,clean,registry,high,"Aceitunas, Condimentos y Aderezos, Dulces y Confituras, Lácteos, Miel, Preparados Alimenticios"
239,DULCOR,DULCOR S.A.,https://www.exportadoresdecordoba.com/single.php?search=239,2005,HS92,Product ACEITUNAS Y SUS DERIVADOS → HS 2005 'other vegetables prepared or preserved' (table olives 2005.70).,https://www.exportadoresdecordoba.com/single.php?search=239,1030,210Z,"Resto preparados de legumbres, hortalizas y frutas",resto,registry,high,"Aceitunas, Condimentos y Aderezos, Dulces y Confituras, Lácteos, Miel, Preparados Alimenticios"
239,DULCOR,DULCOR S.A.,https://www.exportadoresdecordoba.com/single.php?search=239,2007,HS92,"Products MERMELADAS Y JALEAS, DULCES SÓLIDOS → HS 2007 'jams, fruit jellies, marmalades, fruit/nut purée'.",https://www.exportadoresdecordoba.com/single.php?search=239,1030,210Z,"Resto preparados de legumbres, hortalizas y frutas",resto,registry,high,"Aceitunas, Condimentos y Aderezos, Dulces y Confituras, Lácteos, Miel, Preparados Alimenticios"
239,DULCOR,DULCOR S.A.,https://www.exportadoresdecordoba.com/single.php?search=239,2008,HS92,"Product FRUTAS ESCURRIDAS (candied/drained fruit) → HS 2008 'fruits, nuts and other edible parts of plants otherwise prepared or preserved' (candied fruit = 2008.99).",https://www.exportadoresdecordoba.com/single.php?search=239,1030,210Z,"Resto preparados de legumbres, hortalizas y frutas",resto,registry,high,"Aceitunas, Condimentos y Aderezos, Dulces y Confituras, Lácteos, Miel, Preparados Alimenticios"
3994,FAMIGLIA ROSSI - MOLINOS ROSSI,AGRICOLA MAGDALENA S.R.L,https://www.exportadoresdecordoba.com/single.php?search=3994,0713,HS92,"Products ARVEJAS, GARBANZOS, POROTOS, LENTEJAS → HS 0713 'dried leguminous vegetables, shelled, whether or not skinned or split'.",https://www.exportadoresdecordoba.com/single.php?search=3994,1061,104C,Legumbres,clean,registry,high,"Cereales, Harinas, Hortalizas / Legumbres / Hierbas, Panificados y pastas"
3994,FAMIGLIA ROSSI - MOLINOS ROSSI,AGRICOLA MAGDALENA S.R.L,https://www.exportadoresdecordoba.com/single.php?search=3994,1005,HS92,Product MAÍZ PISINGALLO (popping corn) → HS 1005.90 → HS4 1005.,https://www.exportadoresdecordoba.com/single.php?search=3994,1061,106B,Maíz,clean,registry,high,"Cereales, Harinas, Hortalizas / Legumbres / Hierbas, Panificados y pastas"
3994,FAMIGLIA ROSSI - MOLINOS ROSSI,AGRICOLA MAGDALENA S.R.L,https://www.exportadoresdecordoba.com/single.php?search=3994,1101,HS92,Product HARINA DE TRIGO → HS 1101 'wheat or meslin flour'.,https://www.exportadoresdecordoba.com/single.php?search=3994,1061,207A,Harina de trigo,clean,registry,high,"Cereales, Harinas, Hortalizas / Legumbres / Hierbas, Panificados y pastas"
3994,FAMIGLIA ROSSI - MOLINOS ROSSI,AGRICOLA MAGDALENA S.R.L,https://www.exportadoresdecordoba.com/single.php?search=3994,1102,HS92,"Products HARINA DE MAÍZ, HARINA DE MAIZ INSTANTÁNEA → HS 1102 'cereal flours other than of wheat or meslin' (maize flour 1102.20).",https://www.exportadoresdecordoba.com/single.php?search=3994,1061,207Z,Resto productos de molinería,resto,registry,high,"Cereales, Harinas, Hortalizas / Legumbres / Hierbas, Panificados y pastas"
3994,FAMIGLIA ROSSI - MOLINOS ROSSI,AGRICOLA MAGDALENA S.R.L,https://www.exportadoresdecordoba.com/single.php?search=3994,1103,HS92,"Product SÉMOLA DE MAÍZ → HS 1103 'cereal groats, meal and pellets' (maize groats and meal 1103.13).",https://www.exportadoresdecordoba.com/single.php?search=3994,1061,207Z,Resto productos de molinería,resto,registry,high,"Cereales, Harinas, Hortalizas / Legumbres / Hierbas, Panificados y pastas"
3994,FAMIGLIA ROSSI - MOLINOS ROSSI,AGRICOLA MAGDALENA S.R.L,https://www.exportadoresdecordoba.com/single.php?search=3994,1902,HS92,"Firm description states 'producción de pastas secas, legumbres, harinas de trigo y maíz' → HS 1902 'pasta, whether or not cooked or stuffed' (pastas secas = 1902.19).",https://www.exportadoresdecordoba.com/single.php?search=3994,1074,207CB,Pastas alimenticias y productos de panadería,clean,registry,high,"Cereales, Harinas, Hortalizas / Legumbres / Hierbas, Panificados y pastas"
3287,COOPERATIVA AGRICOLA GANADERA DE JUSTINIANO POSSE,COOP AGRICOLA GANADERA DE JUSTINIANO POSSE LIMITADA,https://www.exportadoresdecordoba.com/single.php?search=3287,1101,HS92,Product HARINA DE TRIGO + description 'molienda de trigo para la elaboración de harina' → HS 1101.,https://www.exportadoresdecordoba.com/single.php?search=3287,1061,207A,Harina de trigo,clean,registry,high,Harinas
678,GASTALDI HNOS. S.A.I Y C.F.E.I,GASTALDI HNOS S A I Y C F E I,https://www.exportadoresdecordoba.com/single.php?search=678,1005,HS92,Product MAÍZ PISINGALLO → HS 1005.,https://www.exportadoresdecordoba.com/single.php?search=678,1061,106B,Maíz,clean,registry,high,"Cereales, Harinas, Oleaginosas"
678,GASTALDI HNOS. S.A.I Y C.F.E.I,GASTALDI HNOS S A I Y C F E I,https://www.exportadoresdecordoba.com/single.php?search=678,1101,HS92,Product HARINA DE TRIGO → HS 1101.,https://www.exportadoresdecordoba.com/single.php?search=678,1061,207A,Harina de trigo,clean,registry,high,"Cereales, Harinas, Oleaginosas"
678,GASTALDI HNOS. S.A.I Y C.F.E.I,GASTALDI HNOS S A I Y C F E I,https://www.exportadoresdecordoba.com/single.php?search=678,1202,HS92,"Products MANÍ CRUDO, MANÍ BLANCHEADO → HS 1202.",https://www.exportadoresdecordoba.com/single.php?search=678,1040,107D,Maní,clean,registry,high,"Cereales, Harinas, Oleaginosas"
2812,GEORGALOS,GEORGALOS HNOS S A I C A,https://www.exportadoresdecordoba.com/single.php?search=2812,1202,HS92,Product MANÍ CRUDO → HS 1202.,https://www.exportadoresdecordoba.com/single.php?search=2812,1040,107D,Maní,clean,registry,high,"Cacao y Derivados, Dulces y Confituras, Oleaginosas, Otros Productos Alimenticios, Preparados Alimenticios"
2812,GEORGALOS,GEORGALOS HNOS S A I C A,https://www.exportadoresdecordoba.com/single.php?search=2812,1704,HS92,Product TURRONES Y CONFITURAS → HS 1704 'sugar confectionery not containing cocoa'.,https://www.exportadoresdecordoba.com/single.php?search=2812,1073,209B,Confitería sin cacao,clean,registry,high,"Cacao y Derivados, Dulces y Confituras, Oleaginosas, Otros Productos Alimenticios, Preparados Alimenticios"
2812,GEORGALOS,GEORGALOS HNOS S A I C A,https://www.exportadoresdecordoba.com/single.php?search=2812,1806,HS92,Product CHOCOLATES → HS 1806 'chocolate and other food preparations containing cocoa'.,https://www.exportadoresdecordoba.com/single.php?search=2812,1073,209CB,Preparaciones de cacao,clean,registry,high,"Cacao y Derivados, Dulces y Confituras, Oleaginosas, Otros Productos Alimenticios, Preparados Alimenticios"
2812,GEORGALOS,GEORGALOS HNOS S A I C A,https://www.exportadoresdecordoba.com/single.php?search=2812,1904,HS92,Product CEREALES MATINALES (breakfast cereals) → HS 1904 'prepared foods obtained by the swelling or roasting of cereals; cereal grains otherwise prepared'.,https://www.exportadoresdecordoba.com/single.php?search=2812,1079,29899,Manufacturas de origen agropecuario (confidencial),confidential,registry,high,"Cacao y Derivados, Dulces y Confituras, Oleaginosas, Otros Productos Alimenticios, Preparados Alimenticios"
2812,GEORGALOS,GEORGALOS HNOS S A I C A,https://www.exportadoresdecordoba.com/single.php?search=2812,2008,HS92,Product PASTA DE MANÍ → HS 2008.11 'groundnuts otherwise prepared or preserved' (peanut butter/paste).,https://www.exportadoresdecordoba.com/single.php?search=2812,1079,210Z,"Resto preparados de legumbres, hortalizas y frutas",resto,registry,high,"Cacao y Derivados, Dulces y Confituras, Oleaginosas, Otros Productos Alimenticios, Preparados Alimenticios"
245,DULCES ORIETA - GRUPO DULCOR,GOY WIDMER Y CIA SA,https://www.exportadoresdecordoba.com/single.php?search=245,2007,HS92,"Products MERMELADAS, DULCES SÓLIDOS → HS 2007.",https://www.exportadoresdecordoba.com/single.php?search=245,1030,210Z,"Resto preparados de legumbres, hortalizas y frutas",resto,registry,high,Dulces y Confituras
245,DULCES ORIETA - GRUPO DULCOR,GOY WIDMER Y CIA SA,https://www.exportadoresdecordoba.com/single.php?search=245,2008,HS92,Product FRUTA CONFITADA O ESCURRIDA → HS 2008 (candied fruit 2008.99).,https://www.exportadoresdecordoba.com/single.php?search=245,1030,210Z,"Resto preparados de legumbres, hortalizas y frutas",resto,registry,high,Dulces y Confituras
5310,CERRO AZUL,ALFREDO A. LLAMAS Y JUAN J. LLAMAS ASOCIACION SIMPLE,https://www.exportadoresdecordoba.com/single.php?search=5310,1806,HS92,"Products BOCADITO DE CHOCOLATE SIN TACC, BOMBÓN → HS 1806 'chocolate and other food preparations containing cocoa'.",https://www.exportadoresdecordoba.com/single.php?search=5310,1073,209CB,Preparaciones de cacao,clean,registry,high,"Cacao y Derivados, Dulces y Confituras, Panificados y pastas, Preparados Alimenticios"
5310,CERRO AZUL,ALFREDO A. LLAMAS Y JUAN J. LLAMAS ASOCIACION SIMPLE,https://www.exportadoresdecordoba.com/single.php?search=5310,1905,HS92,"Products ALFAJOR SIN TACC, PAN DE MOLDE SIN TACC → HS 1905 'bread, pastry, cakes, biscuits and other bakers' wares' (alfajores classified as sweet biscuits 1905.31/32 or 1905.90 depending on chocolate coating).",https://www.exportadoresdecordoba.com/single.php?search=5310,1071,207CB,Pastas alimenticias y productos de panadería,clean,registry,high,"Cacao y Derivados, Dulces y Confituras, Panificados y pastas, Preparados Alimenticios"
2383,GRUPO ARCOR,ARCOR S A I C,https://www.exportadoresdecordoba.com/single.php?search=2383,1005,HS92,Product GRANO DE MAÍZ → HS 1005.,https://www.exportadoresdecordoba.com/single.php?search=2383,1061,106B,Maíz,clean,registry,high,"Aceites, Bebidas sin alcohol, Cacao y Derivados, Dulces y Confituras, Harinas, Otras bebidas, Otros Productos Alimenticios, Preparados Alimenticios"
2383,GRUPO ARCOR,ARCOR S A I C,https://www.exportadoresdecordoba.com/single.php?search=2383,1102,HS92,Product HARINA DE MAÍZ → HS 1102 (maize flour 1102.20).,https://www.exportadoresdecordoba.com/single.php?search=2383,1061,207Z,Resto productos de molinería,resto,registry,high,"Aceites, Bebidas sin alcohol, Cacao y Derivados, Dulces y Confituras, Harinas, Otras bebidas, Otros Productos Alimenticios, Preparados Alimenticios"
2383,GRUPO ARCOR,ARCOR S A I C,https://www.exportadoresdecordoba.com/single.php?search=2383,1103,HS92,"Products GRAÑONES, SÉMOLA DE MAÍZ → HS 1103 (maize groats/meal 1103.13).",https://www.exportadoresdecordoba.com/single.php?search=2383,1061,207Z,Resto productos de molinería,resto,registry,high,"Aceites, Bebidas sin alcohol, Cacao y Derivados, Dulces y Confituras, Harinas, Otras bebidas, Otros Productos Alimenticios, Preparados Alimenticios"
2383,GRUPO ARCOR,ARCOR S A I C,https://www.exportadoresdecordoba.com/single.php?search=2383,1108,HS92,Product ALMIDÓN DE MAÍZ → HS 1108 'starches; inulin' (maize starch 1108.12).,https://www.exportadoresdecordoba.com/single.php?search=2383,1062,207Z,Resto productos de molinería,resto,registry,high,"Aceites, Bebidas sin alcohol, Cacao y Derivados, Dulces y Confituras, Harinas, Otras bebidas, Otros Productos Alimenticios, Preparados Alimenticios"
2383,GRUPO ARCOR,ARCOR S A I C,https://www.exportadoresdecordoba.com/single.php?search=2383,1515,HS92,Product ACEITE DE MAÍZ → HS 1515 'other fixed vegetable fats and oils' (maize oil 1515.21/29).,https://www.exportadoresdecordoba.com/single.php?search=2383,1040,208Z,Resto grasas y aceites,resto,registry,high,"Aceites, Bebidas sin alcohol, Cacao y Derivados, Dulces y Confituras, Harinas, Otras bebidas, Otros Productos Alimenticios, Preparados Alimenticios"
2383,GRUPO ARCOR,ARCOR S A I C,https://www.exportadoresdecordoba.com/single.php?search=2383,1701,HS92,Product AZÚCAR → HS 1701 'cane or beet sugar and chemically pure sucrose'.,https://www.exportadoresdecordoba.com/single.php?search=2383,1072,29899,Manufacturas de origen agropecuario (confidencial),confidential,registry,high,"Aceites, Bebidas sin alcohol, Cacao y Derivados, Dulces y Confituras, Harinas, Otras bebidas, Otros Productos Alimenticios, Preparados Alimenticios"
2383,GRUPO ARCOR,ARCOR S A I C,https://www.exportadoresdecordoba.com/single.php?search=2383,1702,HS92,"Products GLUCOSA, JARABE DE GLUCOSA → HS 1702 'other sugars, including chemically pure lactose, maltose, glucose and fructose; sugar syrups'.",https://www.exportadoresdecordoba.com/single.php?search=2383,1072,29899,Manufacturas de origen agropecuario (confidencial),confidential,registry,high,"Aceites, Bebidas sin alcohol, Cacao y Derivados, Dulces y Confituras, Harinas, Otras bebidas, Otros Productos Alimenticios, Preparados Alimenticios"
1305,FÁBRICA DE PASTAS BETTINI,INDUPAS SRL,https://www.exportadoresdecordoba.com/single.php?search=1305,1902,HS92,"Products TALLARINES, ÑOQUIS, SORRENTINOS, RAVIOLES, TAPAS PARA EMPANADAS/PASCUALINA/PASTELITOS → HS 1902 'pasta, whether or not cooked, stuffed (with meat or other substances) or otherwise prepared'.",https://www.exportadoresdecordoba.com/single.php?search=1305,1074,207CB,Pastas alimenticias y productos de panadería,clean,registry,high,Panificados y pastas
3182,BOMPANING,BOMPANING S.A.,https://www.exportadoresdecordoba.com/single.php?search=3182,1905,HS92,"Products BAGUETTES, PANIFICADOS CONGELADOS → HS 1905 'bread, pastry, cakes, biscuits and other bakers' wares'.",https://www.exportadoresdecordoba.com/single.php?search=3182,1071,207CB,Pastas alimenticias y productos de panadería,clean,registry,high,Panificados y pastas
2098,AGRO TRANSPORTES S.A.,AGRO TRANSPORTES S A,https://www.exportadoresdecordoba.com/single.php?search=2098,1202,HS92,"Products MANÍ CONFITERÍA, MANÍ PARTIDO, MANÍ BLANCHEADO → HS 1202 (raw peanuts).",https://www.exportadoresdecordoba.com/single.php?search=2098,1040,107D,Maní,clean,registry,high,Oleaginosas
2198,CROPPERS - GRUPO MANIAGRO,DON HECTOR S A,https://www.exportadoresdecordoba.com/single.php?search=2198,1202,HS92,Product MANÍ (raw) → HS 1202.,https://www.exportadoresdecordoba.com/single.php?search=2198,1040,107D,Maní,clean,registry,high,"Alimentos Dietéticos, Dulces y Confituras, Frutos secos, Otros Productos Alimenticios, Preparados Alimenticios"
2198,CROPPERS - GRUPO MANIAGRO,DON HECTOR S A,https://www.exportadoresdecordoba.com/single.php?search=2198,0802,HS92,"Products in MIX MANÍ con ALMENDRAS, CASTAÑAS DE CAJÚ → HS 0802 'other nuts, fresh or dried' (almonds 0802.11/12; cashews 0801.32 — note cashews actually fall under HS 0801 not 0802; treating mixed nuts as 0802 for the almond portion).",https://www.exportadoresdecordoba.com/single.php?search=2198,0163,19899,Productos primarios (confidencial),confidential,registry,high,"Alimentos Dietéticos, Dulces y Confituras, Frutos secos, Otros Productos Alimenticios, Preparados Alimenticios"
2198,CROPPERS - GRUPO MANIAGRO,DON HECTOR S A,https://www.exportadoresdecordoba.com/single.php?search=2198,0806,HS92,Product PASAS DE UVA (in mix) → HS 0806.20 'dried grapes (raisins)' → HS4 0806.,https://www.exportadoresdecordoba.com/single.php?search=2198,0163,19899,Productos primarios (confidencial),confidential,registry,high,"Alimentos Dietéticos, Dulces y Confituras, Frutos secos, Otros Productos Alimenticios, Preparados Alimenticios"
2198,CROPPERS - GRUPO MANIAGRO,DON HECTOR S A,https://www.exportadoresdecordoba.com/single.php?search=2198,1904,HS92,"Products GRANOLA TROPICAL FRUITS, GRANOLA BERRIES → HS 1904 'prepared foods obtained by the swelling or roasting of cereals' (granola).",https://www.exportadoresdecordoba.com/single.php?search=2198,1079,29899,Manufacturas de origen agropecuario (confidencial),confidential,registry,high,"Alimentos Dietéticos, Dulces y Confituras, Frutos secos, Otros Productos Alimenticios, Preparados Alimenticios"
2198,CROPPERS - GRUPO MANIAGRO,DON HECTOR S A,https://www.exportadoresdecordoba.com/single.php?search=2198,2008,HS92,"Products MANÍ TOSTADO (in MIX MANÍ CON MIEL, CON PASAS) → HS 2008.11 (groundnuts otherwise prepared).",https://www.exportadoresdecordoba.com/single.php?search=2198,1079,210Z,"Resto preparados de legumbres, hortalizas y frutas",resto,registry,high,"Alimentos Dietéticos, Dulces y Confituras, Frutos secos, Otros Productos Alimenticios, Preparados Alimenticios"
3730,ATS S.A. - AGROMANI SA,AGROTECNOLOGIA Y SERVICIOS S A,https://www.exportadoresdecordoba.com/single.php?search=3730,1202,HS92,"Products MANÍ, MANÍ BLANCHEADO → HS 1202.",https://www.exportadoresdecordoba.com/single.php?search=3730,1040,107D,Maní,clean,registry,high,"Depósito y Almacenamiento, Oleaginosas"
4607,EXPORK MAG,EXPORK MAG ARGENTINA CONSORCIO DE COOPERACION,https://www.exportadoresdecordoba.com/single.php?search=4607,0203,HS92,"Product CARNES PORCINAS CONGELADA + description 'consorcio de exportación conformado por productores porcinos' → HS 0203 'meat of swine, fresh, chilled or frozen' (frozen = 0203.2).",https://www.exportadoresdecordoba.com/single.php?search=4607,1011,19899,Productos primarios (confidencial),confidential,registry,high,Carnes y derivados
2146,FRIGORÍFICO PAMPA DE VARE,VARE SA,https://www.exportadoresdecordoba.com/single.php?search=2146,0201,HS92,Product CARNE BOVINA REFRIGERADA → HS 0201.,https://www.exportadoresdecordoba.com/single.php?search=2146,1011,201AA,Carne bovina,clean,registry,high,Carnes y derivados
2146,FRIGORÍFICO PAMPA DE VARE,VARE SA,https://www.exportadoresdecordoba.com/single.php?search=2146,0202,HS92,Product CARNE BOVINA CONGELADA → HS 0202.,https://www.exportadoresdecordoba.com/single.php?search=2146,1011,201AA,Carne bovina,clean,registry,high,Carnes y derivados
5269,AZAFRÁN RUEDO,GRANMERCO S A,https://www.exportadoresdecordoba.com/single.php?search=5269,0712,HS92,"Products CEBOLLA, AJO GRANULADO, PEREJIL (especias premium = dried/granulated form) → HS 0712 'dried vegetables, whole, cut, sliced, broken or in powder, but not further prepared' (dried garlic 0712.90; dried onion 0712.20).",https://www.exportadoresdecordoba.com/single.php?search=5269,1030,19899,Productos primarios (confidencial),confidential,registry,high,"Alimentos Orgánicos, Condimentos y Aderezos, Infusiones y Especias, Panificados y pastas"
5269,AZAFRÁN RUEDO,GRANMERCO S A,https://www.exportadoresdecordoba.com/single.php?search=5269,0904,HS92,"Product PIMENTÓN DULCE, AHUMADO Y PICANTE, AJÍ ROJO Y CAYENA → HS 0904 'pepper of the genus Piper; dried/crushed/ground fruits of the genus Capsicum or Pimenta' (paprika and chilli powder are 0904.21/22).",https://www.exportadoresdecordoba.com/single.php?search=5269,1079,19899,Productos primarios (confidencial),confidential,registry,high,"Alimentos Orgánicos, Condimentos y Aderezos, Infusiones y Especias, Panificados y pastas"
5269,AZAFRÁN RUEDO,GRANMERCO S A,https://www.exportadoresdecordoba.com/single.php?search=5269,0909,HS92,"Product CORIANDRO → HS 0909 'seeds of anise, badian, fennel, coriander, cumin or caraway'.",https://www.exportadoresdecordoba.com/single.php?search=5269,1079,19899,Productos primarios (confidencial),confidential,registry,high,"Alimentos Orgánicos, Condimentos y Aderezos, Infusiones y Especias, Panificados y pastas"
5269,AZAFRÁN RUEDO,GRANMERCO S A,https://www.exportadoresdecordoba.com/single.php?search=5269,0910,HS92,"Products ORÉGANO + AZAFRÁN (firm name and dedicated saffron focus) → HS 0910 'ginger, saffron, turmeric, thyme, bay leaves, curry and other spices' (saffron 0910.20, oregano 0910.99).",https://www.exportadoresdecordoba.com/single.php?search=5269,1079,19899,Productos primarios (confidencial),confidential,registry,high,"Alimentos Orgánicos, Condimentos y Aderezos, Infusiones y Especias, Panificados y pastas"
5349,ALPHA QUIMICA S.R.L.,ALPHAQUIMICA SRL,https://www.exportadoresdecordoba.com/single.php?search=5349,3402,HS92,"Product names AQ 3 PLUS, AQ 30, AQ 4 MOLDES, AQ PLAST + website confirms 'formulados químicos para limpieza y sanitización' → HS 3402 'organic surface-active agents (other than soap); surface-active preparations, washing preparations… and cleaning preparations'.",https://www.exportadoresdecordoba.com/single.php?search=5349,2023,39899,Manufacturas de origen industrial (confidencial),confidential,web-other (alphaquimica.com.ar),medium,Productos Químicos
4837,LANTHER QUIMICA S.A.,LANTHER QUIMICA SA,https://www.exportadoresdecordoba.com/single.php?search=4837,3808,HS92,"Products CIPERMETRINA LQ 25 (cypermethrin), CLORPIRIFOS LQ 48 (chlorpyrifos), CARBENDAZIM LQ 50, DICAMBA LQ + website confirms 'productos fitosanitarios… herbicidas, insecticidas, fungicidas' → HS 3808 'insecticides, rodenticides, fungicides, herbicides, anti-sprouting products and plant-growth regulators'.",https://www.exportadoresdecordoba.com/single.php?search=4837,2021,39899,Manufacturas de origen industrial (confidencial),confidential,web-other (lanther.com.ar),high,Productos Químicos
4837,LANTHER QUIMICA S.A.,LANTHER QUIMICA SA,https://www.exportadoresdecordoba.com/single.php?search=4837,3105,HS92,Website confirms 'fertilizantes' including foliar fertilizers and seed treatments → HS 3105 'mineral or chemical fertilisers containing two or three of the fertilising elements N/P/K; other fertilisers'.,https://www.exportadoresdecordoba.com/single.php?search=4837,2012,39899,Manufacturas de origen industrial (confidencial),confidential,web-other (lanther.com.ar),high,Productos Químicos
2318,BRIZUELA-LAB,LABORATORIOS W BRIZUELA SOCIEDAD ANONIMA,https://www.exportadoresdecordoba.com/single.php?search=2318,3002,HS92,Product MEDIOS DE CULTIVOS DESHIDRATADOS → HS 3002 'human blood; animal blood; antisera/vaccines/microbiological cultures…' (microbiological culture media 3002.90).,https://www.exportadoresdecordoba.com/single.php?search=2318,2100,302C,Productos farmacéuticos,broad-chapter,registry,high,"Productos Farmacéuticos, Productos Químicos"
2318,BRIZUELA-LAB,LABORATORIOS W BRIZUELA SOCIEDAD ANONIMA,https://www.exportadoresdecordoba.com/single.php?search=2318,3822,HS92,"Product REACTIVOS DE DIAGNÓSTICO PARA USO IN VITRO → HS 3822 'diagnostic or laboratory reagents on a backing, prepared diagnostic or laboratory reagents'.",https://www.exportadoresdecordoba.com/single.php?search=2318,2100,39899,Manufacturas de origen industrial (confidencial),confidential,registry,high,"Productos Farmacéuticos, Productos Químicos"
273,PROMEDON S.A.,PROMEDON S A,https://www.exportadoresdecordoba.com/single.php?search=273,9021,HS92,"Products SLING PARA INCONTINENCIA FEMENINA, KIT-UNITAPE (surgical mesh slings — implantable medical devices) → HS 9021 'orthopaedic appliances… artificial parts of the body; hearing aids…' (surgical implants 9021.90).",https://www.exportadoresdecordoba.com/single.php?search=273,3250,399A,Instrumentos óptica/fotografía/medicoquirúrgico,broad-chapter,registry,high,Equipamiento Médico
266,FEAS ELECTRONICA,FEAS ELECTRONICA S.A.,https://www.exportadoresdecordoba.com/single.php?search=266,9018,HS92,"Firm description states 'fabricamos desfibriladores, monitores multiparamétricos, centrales de monitoreo, polígrafos' → HS 9018 'instruments and appliances used in medical, surgical, dental or veterinary sciences' (multi-parameter monitors 9018.19; defibrillators 9018.90).",https://www.exportadoresdecordoba.com/single.php?search=266,2660,399A,Instrumentos óptica/fotografía/medicoquirúrgico,broad-chapter,registry,high,Equipamiento Médico
244,FAESA,F.A.E.S.A. FABRICA ARGENTINA DE ELASTICOS S.A.I.YC.,https://www.exportadoresdecordoba.com/single.php?search=244,7320,HS92,"Product BALLESTAS O ELÁSTICOS Y SUS HOJAS → HS 7320 'springs and leaves for springs, of iron or steel'.",https://www.exportadoresdecordoba.com/single.php?search=244,2511,311AZ,Resto arrabio/fundición/hierro/acero,resto,registry,high,"Autopartes, Maquinaria agrícola y partes, Transporte terrestre y Partes"
244,FAESA,F.A.E.S.A. FABRICA ARGENTINA DE ELASTICOS S.A.I.YC.,https://www.exportadoresdecordoba.com/single.php?search=244,8208,HS92,"Product CUCHILLAS Y SOPORTES PARA MAQUINARIA AGRÍCOLA, FORESTAL Y MINERA → HS 8208 'knives and cutting blades, for machines or for mechanical appliances' (agricultural-machine blades 8208.40).",https://www.exportadoresdecordoba.com/single.php?search=244,2592,39899,Manufacturas de origen industrial (confidencial),confidential,registry,high,"Autopartes, Maquinaria agrícola y partes, Transporte terrestre y Partes"
2130,FABRICA DE COLECTORES,FABRICA DE COLECTORES SRL,https://www.exportadoresdecordoba.com/single.php?search=2130,8511,HS92,Product COLECTOR PARA ARRANQUE DE AUTOMOTOR → HS 8511 'electrical ignition or starting equipment of a kind used for spark- or compression-ignition internal combustion engines… starter motors and dual-purpose starter generators' (commutators/collectors for starters 8511.90).,https://www.exportadoresdecordoba.com/single.php?search=2130,2930,312B,Máquinas y aparatos eléctricos y electrónicos,broad-chapter,registry,high,Autopartes
2751,DAYCO,DAYCO ARGENTINA S A,https://www.exportadoresdecordoba.com/single.php?search=2751,4010,HS92,"Product CORREAS DE TRANSMISIÓN → HS 4010 'conveyor or transmission belts or belting, of vulcanised rubber'.",https://www.exportadoresdecordoba.com/single.php?search=2751,2219,304,Cauchos y sus manufacturas,broad-chapter,registry,high,"Autopartes, Caucho y Derivados, Transporte terrestre y Partes"
2751,DAYCO,DAYCO ARGENTINA S A,https://www.exportadoresdecordoba.com/single.php?search=2751,8483,HS92,"Products TENSORES PARA AUTOMÓVIL, POLEAS → HS 8483 'transmission shafts (incl. cam shafts and crankshafts) and cranks; bearing housings and plain shaft bearings; gears and gearing; ball or roller screws; gear boxes… pulleys' (pulleys 8483.50).",https://www.exportadoresdecordoba.com/single.php?search=2751,2814,312AL,Otras máquinas y aparatos mecánicos,broad-chapter,registry,high,"Autopartes, Caucho y Derivados, Transporte terrestre y Partes"
3688,CINZIA VEHÍCULOS,DYFSA S.A.,https://www.exportadoresdecordoba.com/single.php?search=3688,8703,HS92,"Products MOTORHOME, CAMPER → HS 8703 'motor cars and other motor vehicles principally designed for the transport of persons' (motor caravans/motorhomes 8703.33/8703.32).",https://www.exportadoresdecordoba.com/single.php?search=3688,2910,313BB,Vehículos automóviles terrestres,named-aggregate,registry,high,Transporte terrestre y Partes
3688,CINZIA VEHÍCULOS,DYFSA S.A.,https://www.exportadoresdecordoba.com/single.php?search=3688,8716,HS92,"Products CASA RODANTE, MODULO HABITABLE, TRAILER (towed caravans, mobile workshops) → HS 8716 'trailers and semi-trailers; other vehicles, not mechanically propelled' (caravans 8716.10).",https://www.exportadoresdecordoba.com/single.php?search=3688,2920,313BB,Vehículos automóviles terrestres,broad-chapter,registry,high,Transporte terrestre y Partes
4015,ARTECHE,AIT S.A.,https://www.exportadoresdecordoba.com/single.php?search=4015,8504,HS92,"Product TRANSFORMADORES DE ALTA TENSIÓN + description 'transformadores de medición y de servicios auxiliares de alta tensión' → HS 8504 'electrical transformers, static converters and inductors'.",https://www.exportadoresdecordoba.com/single.php?search=4015,2710,312B,Máquinas y aparatos eléctricos y electrónicos,broad-chapter,registry,high,"Eléctrico y Electrónico, I+D, Consultores, Servicios Profesionales"
2707,AKRON,AKRON S.A.,https://www.exportadoresdecordoba.com/single.php?search=2707,8432,HS92,"Product ESPARCIDOR DE ENMIENDAS ORGÁNICAS (manure/amendment spreader) → HS 8432 'agricultural, horticultural or forestry machinery for soil preparation or cultivation' (manure spreaders 8432.42).",https://www.exportadoresdecordoba.com/single.php?search=2707,2821,312AL,Otras máquinas y aparatos mecánicos,broad-chapter,registry,high,Maquinaria agrícola y partes
2707,AKRON,AKRON S.A.,https://www.exportadoresdecordoba.com/single.php?search=2707,8436,HS92,"Product MIXER VERTICAL (animal-feed mixer) → HS 8436 'other agricultural, horticultural, forestry, poultry-keeping or bee-keeping machinery, including germination plant fitted with mechanical or thermal equipment'.",https://www.exportadoresdecordoba.com/single.php?search=2707,2821,312AL,Otras máquinas y aparatos mecánicos,broad-chapter,registry,high,Maquinaria agrícola y partes
2707,AKRON,AKRON S.A.,https://www.exportadoresdecordoba.com/single.php?search=2707,8437,HS92,"Products EMBOLSADORA DE GRANOS SECOS, EXTRACTORA DE GRANOS SECOS → HS 8437 'machines for cleaning, sorting or grading seed, grain or dried leguminous vegetables; machinery used in the milling industry'.",https://www.exportadoresdecordoba.com/single.php?search=2707,2821,312AL,Otras máquinas y aparatos mecánicos,broad-chapter,registry,high,Maquinaria agrícola y partes
2707,AKRON,AKRON S.A.,https://www.exportadoresdecordoba.com/single.php?search=2707,8716,HS92,"Products TOLVA AUTODESCARGABLE, ACOPLADO PARA SEMILLAS Y FERTILIZANTES, CAJA COMPACTADORA (self-unloading trailer hoppers) → HS 8716 'trailers and semi-trailers; other vehicles, not mechanically propelled' (agricultural trailers 8716.20).",https://www.exportadoresdecordoba.com/single.php?search=2707,2920,313BB,Vehículos automóviles terrestres,broad-chapter,registry,medium,Maquinaria agrícola y partes
1511,ASCANELLI SA,ASCANELLI S.A.,https://www.exportadoresdecordoba.com/single.php?search=1511,8432,HS92,Product SEMBRADORAS → HS 8432.,https://www.exportadoresdecordoba.com/single.php?search=1511,2821,312AL,Otras máquinas y aparatos mecánicos,broad-chapter,registry,high,"Maquinaria agrícola y partes, Transporte terrestre y Partes"
1511,ASCANELLI SA,ASCANELLI S.A.,https://www.exportadoresdecordoba.com/single.php?search=1511,8436,HS92,Product MIXERS VERTICALES → HS 8436.,https://www.exportadoresdecordoba.com/single.php?search=1511,2821,312AL,Otras máquinas y aparatos mecánicos,broad-chapter,registry,high,"Maquinaria agrícola y partes, Transporte terrestre y Partes"
1511,ASCANELLI SA,ASCANELLI S.A.,https://www.exportadoresdecordoba.com/single.php?search=1511,8437,HS92,Product EMBOLSADORAS DE GRANOS SECOS → HS 8437.,https://www.exportadoresdecordoba.com/single.php?search=1511,2821,312AL,Otras máquinas y aparatos mecánicos,broad-chapter,registry,high,"Maquinaria agrícola y partes, Transporte terrestre y Partes"
1511,ASCANELLI SA,ASCANELLI S.A.,https://www.exportadoresdecordoba.com/single.php?search=1511,8716,HS92,Product TOLVAS AUTODESCARGABLES → HS 8716 (agricultural trailers 8716.20).,https://www.exportadoresdecordoba.com/single.php?search=1511,2920,313BB,Vehículos automóviles terrestres,broad-chapter,registry,medium,"Maquinaria agrícola y partes, Transporte terrestre y Partes"
3772,AXIONLIFT,AXION S.A.,https://www.exportadoresdecordoba.com/single.php?search=3772,8426,HS92,"Description 'hidrogrúas' (mobile hydraulic cranes) → HS 8426 'ships' derricks; cranes, including cable cranes; mobile lifting frames, straddle carriers' (mobile cranes 8426.41).",https://www.exportadoresdecordoba.com/single.php?search=3772,2816,312AF,"Máquinas para elevación, carga y descarga",named-aggregate,registry,high,"Estructuras metálicas y equipos transportadores de sólidos a granel, Máquinas y Aparatos"
3772,AXIONLIFT,AXION S.A.,https://www.exportadoresdecordoba.com/single.php?search=3772,8428,HS92,"Product ELEVADORES HIDRÁULICOS → HS 8428 'other lifting, handling, loading or unloading machinery' (lifts and skip hoists 8428.10; pneumatic elevators 8428.20).",https://www.exportadoresdecordoba.com/single.php?search=3772,2816,312AF,"Máquinas para elevación, carga y descarga",named-aggregate,registry,high,"Estructuras metálicas y equipos transportadores de sólidos a granel, Máquinas y Aparatos"
2287,INDUMIX,INDUMIX S A,https://www.exportadoresdecordoba.com/single.php?search=2287,7309,HS92,"Product SILOS PARA CEMENTO → HS 7309 'reservoirs, tanks, vats and similar containers, of iron or steel, of a capacity exceeding 300 L'.",https://www.exportadoresdecordoba.com/single.php?search=2287,2511,311AZ,Resto arrabio/fundición/hierro/acero,resto,registry,high,"Máquinas y Equipos de la Construcción, Metales y sus manufacturas"
2287,INDUMIX,INDUMIX S A,https://www.exportadoresdecordoba.com/single.php?search=2287,8474,HS92,"Products PLANTAS DOSIFICADORAS DE HORMIGON, MEZCLADORES FORZADOS → HS 8474 'machinery for sorting, screening, separating, washing, crushing, grinding, mixing or kneading earth, stone, ores or other mineral substances, in solid (incl. powder or paste) form' (concrete mixers 8474.31).",https://www.exportadoresdecordoba.com/single.php?search=2287,2822,312AL,Otras máquinas y aparatos mecánicos,broad-chapter,registry,high,"Máquinas y Equipos de la Construcción, Metales y sus manufacturas"
2287,INDUMIX,INDUMIX S A,https://www.exportadoresdecordoba.com/single.php?search=2287,8705,HS92,"Product MOTOHORMIGONERAS (truck-mounted concrete mixers) → HS 8705 'special purpose motor vehicles' (concrete-mixer lorries 8705.40). (If trailer-mounted rather than self-propelled, this would be 8716; firm name suggests motor-propelled.)",https://www.exportadoresdecordoba.com/single.php?search=2287,2910,313BB,Vehículos automóviles terrestres,broad-chapter,registry,medium,"Máquinas y Equipos de la Construcción, Metales y sus manufacturas"
2398,LANAS MELODY,LABAQUE S.A.C.I.F.A.,https://www.exportadoresdecordoba.com/single.php?search=2398,5107,HS92,"Product HILADOS DE LANA OVINA PURA → HS 5107 'yarn of combed wool, not put up for retail sale' (carded wool yarn would be 5106; the firm description's 'pura lana' + industrial titres suggests combed).",https://www.exportadoresdecordoba.com/single.php?search=2398,1311,29899,Manufacturas de origen agropecuario (confidencial),confidential,registry,high,Textiles
2398,LANAS MELODY,LABAQUE S.A.C.I.F.A.,https://www.exportadoresdecordoba.com/single.php?search=2398,5509,HS92,"Product HILADOS DE FIBRAS ACRÍLICAS, MEZCLA DE FIBRAS Y PURA LANA → HS 5509 'yarn of synthetic staple fibres, not put up for retail sale' (acrylic yarn 5509.31/32).",https://www.exportadoresdecordoba.com/single.php?search=2398,1311,39899,Manufacturas de origen industrial (confidencial),confidential,registry,high,Textiles
1321,MOSAICOS BLANGINO,JUAN BLANGINO S.A.,https://www.exportadoresdecordoba.com/single.php?search=1321,3402,HS92,Product DETERGENTE NEUTRO → HS 3402 'organic surface-active agents… washing and cleaning preparations'.,https://www.exportadoresdecordoba.com/single.php?search=1321,2023,39899,Manufacturas de origen industrial (confidencial),confidential,registry,high,"Artículos de Limpieza, Materiales para la Construcción, Otras manufacturas Industriales"
1321,MOSAICOS BLANGINO,JUAN BLANGINO S.A.,https://www.exportadoresdecordoba.com/single.php?search=1321,3404,HS92,Product CERAS → HS 3404 'artificial waxes and prepared waxes'.,https://www.exportadoresdecordoba.com/single.php?search=1321,2023,39899,Manufacturas de origen industrial (confidencial),confidential,registry,high,"Artículos de Limpieza, Materiales para la Construcción, Otras manufacturas Industriales"
1321,MOSAICOS BLANGINO,JUAN BLANGINO S.A.,https://www.exportadoresdecordoba.com/single.php?search=1321,6810,HS92,"Products PISOS - ZOCALOS, PASTINAS (cement-based floor tiles and grout) + description 'pisos cementicios' → HS 6810 'articles of cement, of concrete or of artificial stone, whether or not reinforced'.",https://www.exportadoresdecordoba.com/single.php?search=1321,2393,39899,Manufacturas de origen industrial (confidencial),confidential,registry,high,"Artículos de Limpieza, Materiales para la Construcción, Otras manufacturas Industriales"
4729,LA ELENENSE SA,LA ELENENSE S A,https://www.exportadoresdecordoba.com/single.php?search=4729,6810,HS92,"Products ADOQUINES, MOSAICOS → HS 6810.",https://www.exportadoresdecordoba.com/single.php?search=4729,2393,39899,Manufacturas de origen industrial (confidencial),confidential,registry,high,Materiales para la Construcción
3280,BESSO HNOS,BESSO HNOS SOC. DE HECHO DE BESSO OSCAR A.Y ANGEL C.,https://www.exportadoresdecordoba.com/single.php?search=3280,0701,HS92,"Product PAPA (fresh) → HS 0701 'potatoes, fresh or chilled'.",https://www.exportadoresdecordoba.com/single.php?search=3280,0113,19899,Productos primarios (confidencial),confidential,registry,high,Hortalizas / Legumbres / Hierbas
3280,BESSO HNOS,BESSO HNOS SOC. DE HECHO DE BESSO OSCAR A.Y ANGEL C.,https://www.exportadoresdecordoba.com/single.php?search=3280,0703,HS92,"Product CEBOLLA (fresh) → HS 0703 'onions, shallots, garlic, leeks and other alliaceous vegetables, fresh or chilled' (onions 0703.10). NOTE: HS 0703 is also the heading for the 104B 'Ajos' clean line, but this firm sells onion not garlic — the HS4-level back-attribution will place it on 104B while the rubro is really about garlic; the HS4 itself (0703) is what matters for presence analysis.",https://www.exportadoresdecordoba.com/single.php?search=3280,0113,104B,Ajos,clean,registry,high,Hortalizas / Legumbres / Hierbas
5036,AGROPECUARIA VILLA DOLORES SA,AGROPECUARIA VILLA DOLORES S A,https://www.exportadoresdecordoba.com/single.php?search=5036,0701,HS92,"Products PAPAS PARA SIEMBRA, PAPAS → HS 0701 (seed potatoes 0701.10; ware potatoes 0701.90).",https://www.exportadoresdecordoba.com/single.php?search=5036,0113,19899,Productos primarios (confidencial),confidential,registry,high,Hortalizas / Legumbres / Hierbas
web_renault,"Renault Argentina (Planta Santa Isabel, Córdoba)",RENAULT ARGENTINA S.A.,https://prensa.cba.gov.ar/gobernador/renault-oficializo-una-inversion-de-us-350-millones-en-su-planta-de-santa-isabel/,8703,HS92,"Renault Santa Isabel (Córdoba) currently produces the Kangoo (LCV) with exports resumed to Brazil; ~30% of output exported, projected 60% with the new pickup. Sources: prensa.cba.gov.ar, cordobaproduce.cba.gov.ar, infobae.com. → HS 8703 'motor cars and other motor vehicles principally designed for the transport of persons'.",https://prensa.cba.gov.ar/gobernador/renault-oficializo-una-inversion-de-us-350-millones-en-su-planta-de-santa-isabel/,2910,313BB,Vehículos automóviles terrestres,named-aggregate,web-other (cba.gov.ar; infobae.com),high,Vehículos (no en registro ProCórdoba)
web_stellantis,"Stellantis (Complejo Industrial Ferreyra, Córdoba)",FCA AUTOMOBILES ARGENTINA S.A. / STELLANTIS ARGENTINA,https://www.media.stellantis.com/ar-es/fiat/press/stellantis-alcanzo-la-produccion-del-fiat-cronos-numero-300-000-en-su-planta-de-cordoba,8703,HS92,"Stellantis Ferreyra (Córdoba) produces the Fiat Cronos — 500,000+ units, exports to Brazil, Paraguay, Chile, Mexico; 58% of Córdoba production exported (2026). Sources: media.stellantis.com; derechadiario.com.ar. → HS 8703 'motor cars… principally designed for transport of persons' (Cronos sedan = 8703.23).",https://www.media.stellantis.com/ar-es/fiat/press/stellantis-alcanzo-la-produccion-del-fiat-cronos-numero-300-000-en-su-planta-de-cordoba,2910,313BB,Vehículos automóviles terrestres,named-aggregate,web-other (media.stellantis.com),high,Vehículos automóviles (no en registro ProCórdoba)
web_stellantis,"Stellantis (Complejo Industrial Ferreyra, Córdoba)",FCA AUTOMOBILES ARGENTINA S.A. / STELLANTIS ARGENTINA,https://www.media.stellantis.com/ar-es/fiat/press/stellantis-alcanzo-la-produccion-del-fiat-cronos-numero-300-000-en-su-planta-de-cordoba,8704,HS92,"Stellantis Ferreyra produces the Titano and RAM Dakota mid-size pickups, with 50% of pickup output destined to Brazil. Sources: derechadiario.com.ar; puntoapunto.com.ar. → HS 8704 'motor vehicles for the transport of goods' (cargo pickups 8704.21).",https://www.media.stellantis.com/ar-es/fiat/press/stellantis-alcanzo-la-produccion-del-fiat-cronos-numero-300-000-en-su-planta-de-cordoba,2910,313BB,Vehículos automóviles terrestres,named-aggregate,web-other (puntoapunto.com.ar),high,Vehículos automóviles (no en registro ProCórdoba)
web_iveco,"Iveco Argentina (Planta Ferreyra, Córdoba)",IVECO ARGENTINA S.A.,https://www.iveco.com/argentina,8704,HS92,"Iveco Ferreyra (Córdoba) launched local production of the S-Way heavy truck (>16 tons) in 2025, targeting export to Latin American markets and Vaca Muerta sector; €10M dedicated investment plus US$200M total in plant since 2020. Sources: cronista.com; cadena3.com; iveco.com/argentina. → HS 8704 'motor vehicles for the transport of goods' (heavy trucks >20 tons GVW = 8704.23).",https://www.iveco.com/argentina,2910,313BB,Vehículos automóviles terrestres,named-aggregate,web-other (cronista.com; iveco.com),high,Camiones pesados (no en registro ProCórdoba)
web_fpt,"FPT Industrial (Planta Ferreyra, Córdoba)",IVECO GROUP / FPT ARGENTINA,https://blogfptindustrial.com.ar/exportamos-el-motor-numero-100-000-desde-la-planta-de-cordoba/,8408,HS92,"FPT Industrial Ferreyra (Córdoba) produces Cursor 9/10/11/13 and NEF-series compression-ignition diesel engines for trucks and agricultural machinery — ~15,000 engines/year, ~60% exported (Brazil, Mexico). Sources: blogfptindustrial.com.ar; cadena3.com; maquinac.com; puntal.com.ar. → HS 8408 'compression-ignition internal combustion piston engines (diesel or semi-diesel engines)'.",https://blogfptindustrial.com.ar/exportamos-el-motor-numero-100-000-desde-la-planta-de-cordoba/,2811,312AA,Motores de explosión y partes,named-aggregate,web-other (fpt blog; cadena3.com),high,Motores diesel para vehículos y maquinaria (no en registro ProCórdoba)
web_vw_cordoba,Volkswagen Argentina (Centro Industrial Córdoba),VOLKSWAGEN ARGENTINA S.A.,https://www.16valvulas.com.ar/de-argentina-para-el-mundo-volkswagen-ya-exporto-100-000-cajas-de-cambio-mq281-producidas-en-cordoba/,8708,HS92,"VW Centro Industrial Córdoba produces MQ200, MQ281, and MQ200 Evo manual transmissions — 100% of MQ281 production exported (Mexico, Portugal, Poland, India) for VW T-Roc/Caddy/Tiguan/T-Cross, Seat Ibiza/Ateca/León, Skoda Octavia, Audi A1/Q2; average ~609,000 units/year; 1,300 employees. Sources: 16valvulas.com.ar; rionegro.com.ar; lanacion.com.ar. → HS 8708 'parts and accessories of the motor vehicles of headings 87.01 to 87.05' (gear boxes 8708.40).",https://www.16valvulas.com.ar/de-argentina-para-el-mundo-volkswagen-ya-exporto-100-000-cajas-de-cambio-mq281-producidas-en-cordoba/,2930,313BC,Partes y piezas de vehículos y tractores,named-aggregate,web-other (16valvulas.com.ar; lanacion.com.ar),high,Transmisiones automotrices (no en registro ProCórdoba)
web_quilmes_cba,Cervecería Quilmes — Planta Córdoba,CERVECERÍA Y MALTERÍA QUILMES S.A.I.C.A. y G.,https://www.lapoliticaonline.com/nota/119101-quilmes-invierte-usd-280-millones-en-la-primer-planta-de-cerveza-con-energia-renovable/,2203,HS92,Quilmes Planta Córdoba (Av. Juan B. Justo 5600) is the AB InBev industrial complex concentrating 32% of Argentine bottled beer volume; Cervecería y Maltería Quilmes overall exports US$370 M/year. Sources: lapoliticaonline.com; infonegocios.info; lanochedelasbirrerias.com.ar. → HS 2203 'beer made from malt'.,https://www.lapoliticaonline.com/nota/119101-quilmes-invierte-usd-280-millones-en-la-primer-planta-de-cerveza-con-energia-renovable/,1103,211Z,Resto bebidas (excl. vino),resto,web-other (lapoliticaonline.com; infonegocios.info),high,Bebidas (cervecería; no en registro ProCórdoba)
web_pritty,Pritty,PRITTY S.R.L.,https://www.pritty.com.ar/nosotros.html,2202,HS92,"Pritty (founded Córdoba 1966) produces 400 M liters/year of soft drinks (limón, cola, naranja) and bottled mineral water; has plants in Córdoba and Buenos Aires, recently opened plant in Uruguay; 'gaseosa 100% cordobesa'. Sources: pritty.com.ar; lanacion.com.ar; serargentino.com. → HS 2202 'waters, including mineral and aerated waters, containing added sugar or other sweetening matter or flavoured; other non-alcoholic beverages' (soft drinks 2202.10/2202.99).",https://www.pritty.com.ar/nosotros.html,1104,211Z,Resto bebidas (excl. vino),resto,web-other (pritty.com.ar; lanacion.com.ar),high,Bebidas sin alcohol (no en registro ProCórdoba)
web_aca,Asociación de Cooperativas Argentinas (ACA) — Córdoba,ASOCIACIÓN DE COOPERATIVAS ARGENTINAS COOP. LTDA.,https://bichosdecampo.com/quien-es-aca-la-gigante-cooperativa-de-segundo-grado-que-nuclea-a-mas-de-50-productores-a-lo-ancho-y-largo-del-pais/,1003,HS92,ACA commercializes >23 M tons of grains/year including barley/cebada cervecera — south of Córdoba is one of the main barley-producing zones; ACA Córdoba sources from cooperatives there. Sources: redaccionmayo.com.ar; bichosdecampo.com; magyp.gob.ar barley report. → HS 1003 'barley'.,https://bichosdecampo.com/quien-es-aca-la-gigante-cooperativa-de-segundo-grado-que-nuclea-a-mas-de-50-productores-a-lo-ancho-y-largo-del-pais/,0111,106ZB,Cebada,clean,web-other (redaccionmayo.com.ar),high,Cooperativa cerealera (>23M tons/year nacional; oficinas en Córdoba; plantas industriales en Río Tercero y Hernando)
web_aca,Asociación de Cooperativas Argentinas (ACA) — Córdoba,ASOCIACIÓN DE COOPERATIVAS ARGENTINAS COOP. LTDA.,https://bichosdecampo.com/quien-es-aca-la-gigante-cooperativa-de-segundo-grado-que-nuclea-a-mas-de-50-productores-a-lo-ancho-y-largo-del-pais/,1201,HS92,"ACA commercializes soybean nationally including major Córdoba origination (50,000+ producer cooperatives) and operates oil/byproducts plants in Río Tercero and Hernando, Córdoba. → HS 1201 'soya beans, whether or not broken'.",https://bichosdecampo.com/quien-es-aca-la-gigante-cooperativa-de-segundo-grado-que-nuclea-a-mas-de-50-productores-a-lo-ancho-y-largo-del-pais/,0111,107A,Soja,clean,web-other (redaccionmayo.com.ar; teseopress.com),high,Cooperativa cerealera (>23M tons/year nacional; oficinas en Córdoba; plantas industriales en Río Tercero y Hernando)
web_aca,Asociación de Cooperativas Argentinas (ACA) — Córdoba,ASOCIACIÓN DE COOPERATIVAS ARGENTINAS COOP. LTDA.,https://bichosdecampo.com/quien-es-aca-la-gigante-cooperativa-de-segundo-grado-que-nuclea-a-mas-de-50-productores-a-lo-ancho-y-largo-del-pais/,1206,HS92,"ACA's commercialized list explicitly includes 'girasol' (sunflower seeds); Córdoba is a major producer. → HS 1206 'sunflower seeds, whether or not broken'.",https://bichosdecampo.com/quien-es-aca-la-gigante-cooperativa-de-segundo-grado-que-nuclea-a-mas-de-50-productores-a-lo-ancho-y-largo-del-pais/,0111,107B,Girasol,clean,web-other (redaccionmayo.com.ar),high,Cooperativa cerealera (>23M tons/year nacional; oficinas en Córdoba; plantas industriales en Río Tercero y Hernando)
web_aca,Asociación de Cooperativas Argentinas (ACA) — Córdoba,ASOCIACIÓN DE COOPERATIVAS ARGENTINAS COOP. LTDA.,https://bichosdecampo.com/quien-es-aca-la-gigante-cooperativa-de-segundo-grado-que-nuclea-a-mas-de-50-productores-a-lo-ancho-y-largo-del-pais/,1006,HS92,ACA's commercialized list includes 'arroz' (rice) but Córdoba is NOT a rice-producing province (rice is from Entre Ríos / Corrientes); this HS4 is included in ACA's portfolio but unlikely to reflect Córdoba origination. Marking medium-confidence as Córdoba-specific evidence is weaker than for the other ACA lines. Note: HS 1006 is outside the top-50 in any case (no rice line in the CSV).,https://bichosdecampo.com/quien-es-aca-la-gigante-cooperativa-de-segundo-grado-que-nuclea-a-mas-de-50-productores-a-lo-ancho-y-largo-del-pais/,0112,19899,Productos primarios (confidencial),confidential,web-other (redaccionmayo.com.ar),medium,Cooperativa cerealera (>23M tons/year nacional; oficinas en Córdoba; plantas industriales en Río Tercero y Hernando)
web_lorenzati_ruetsch,"Lorenzati, Ruetsch y Cia S.A.","LORENZATI, RUETSCH Y CIA. S.A.",https://www.cadena3.com/noticia/rony-en-vivo/lorenzati-ruetsch-y-cia-mani-desde-ticino-a-todo-el-mundo_394266,1202,HS92,"Lorenzati Ruetsch (Ticino, Córdoba): 98,000 tons/year peanut crushing; exports 'maní confitería y blancheado'. Sources: cadena3.com; lorenzati.com; eldiariocba.com.ar. → HS 1202 'groundnuts, not roasted or otherwise cooked'.",https://www.cadena3.com/noticia/rony-en-vivo/lorenzati-ruetsch-y-cia-mani-desde-ticino-a-todo-el-mundo_394266,1040,107D,Maní,clean,web-other (cadena3.com; lorenzati.com),high,"Procesamiento de maní (Ticino, Córdoba); aparece también en el registro pero la cita primaria es prensa + sitio del firma"
web_lorenzati_ruetsch,"Lorenzati, Ruetsch y Cia S.A.","LORENZATI, RUETSCH Y CIA. S.A.",https://www.cadena3.com/noticia/rony-en-vivo/lorenzati-ruetsch-y-cia-mani-desde-ticino-a-todo-el-mundo_394266,1508,HS92,Same source confirms 'aceite de maní crudo' export. → HS 1508 'groundnut oil and its fractions'.,https://www.cadena3.com/noticia/rony-en-vivo/lorenzati-ruetsch-y-cia-mani-desde-ticino-a-todo-el-mundo_394266,1040,208AC,Aceite de maní,clean,web-other (cadena3.com; lorenzati.com),high,"Procesamiento de maní (Ticino, Córdoba); aparece también en el registro pero la cita primaria es prensa + sitio del firma"
web_lorenzati_ruetsch,"Lorenzati, Ruetsch y Cia S.A.","LORENZATI, RUETSCH Y CIA. S.A.",https://www.cadena3.com/noticia/rony-en-vivo/lorenzati-ruetsch-y-cia-mani-desde-ticino-a-todo-el-mundo_394266,2305,HS92,"Same source confirms 'expeller' (peanut oilcake) export as part of the crushing operation. → HS 2305 'oilcake and other solid residues, whether or not ground or in the form of pellets, resulting from the extraction of groundnut oil'.",https://www.cadena3.com/noticia/rony-en-vivo/lorenzati-ruetsch-y-cia-mani-desde-ticino-a-todo-el-mundo_394266,1040,212AD,Subproductos oleaginosos de maní,clean,web-other (cadena3.com),high,"Procesamiento de maní (Ticino, Córdoba); aparece también en el registro pero la cita primaria es prensa + sitio del firma"
web_olega,Olega,OLEGA S.A.,https://masindustrias.com.ar/principales-productores-de-mani-de-argentina/,1202,HS92,"Olega (Ramsfelder family, Charras, Córdoba): 120,000 tons/year peanut output (8.9% market share). Sources: masindustrias.com.ar; eldiariodelarepublica.com; todoagro.com.ar. → HS 1202.",https://masindustrias.com.ar/principales-productores-de-mani-de-argentina/,1040,107D,Maní,clean,web-other (masindustrias.com.ar),high,"Procesamiento de maní (Charras, Córdoba) — Top-3 peanut firm by tonnage; no aparece en el registro ProCórdoba relevado"
web_olega,Olega,OLEGA S.A.,https://masindustrias.com.ar/principales-productores-de-mani-de-argentina/,1508,HS92,Peanut crushers of this scale produce groundnut oil as a primary product; Olega operates a crushing line per industry rankings. → HS 1508.,https://masindustrias.com.ar/principales-productores-de-mani-de-argentina/,1040,208AC,Aceite de maní,clean,web-other (masindustrias.com.ar),high,"Procesamiento de maní (Charras, Córdoba) — Top-3 peanut firm by tonnage; no aparece en el registro ProCórdoba relevado"
web_olega,Olega,OLEGA S.A.,https://masindustrias.com.ar/principales-productores-de-mani-de-argentina/,2305,HS92,Peanut crushing yields oilcake/expeller (HS 2305) as the dominant solid byproduct; Decree 38/2025 reduced export retentions on this line specifically. → HS 2305.,https://masindustrias.com.ar/principales-productores-de-mani-de-argentina/,1040,212AD,Subproductos oleaginosos de maní,clean,web-other (masindustrias.com.ar; infobae.com),high,"Procesamiento de maní (Charras, Córdoba) — Top-3 peanut firm by tonnage; no aparece en el registro ProCórdoba relevado"
web_indelma,INDELMA — Insa,INSA S.A. / INDELMA,https://masindustrias.com.ar/principales-productores-de-mani-de-argentina/,1202,HS92,"Insa-Indelma (Molineri family, Córdoba): 60,000 tons/year peanut (4.5% market share). Sources: masindustrias.com.ar. → HS 1202.",https://masindustrias.com.ar/principales-productores-de-mani-de-argentina/,1040,107D,Maní,clean,web-other (masindustrias.com.ar),high,"Procesamiento de maní (Molineri family, Córdoba) — Top-5 firm"
web_indelma,INDELMA — Insa,INSA S.A. / INDELMA,https://masindustrias.com.ar/principales-productores-de-mani-de-argentina/,2305,HS92,"Search-result text specifies INDELMA 'exports peanut flour, among other peanut-derived products' — peanut flour from press cake falls under HS 2305 (groundnut oilcake/flour). → HS 2305.",https://masindustrias.com.ar/principales-productores-de-mani-de-argentina/,1040,212AD,Subproductos oleaginosos de maní,clean,web-other (masindustrias.com.ar; infobae.com),high,"Procesamiento de maní (Molineri family, Córdoba) — Top-5 firm"
web_minetti,Jose Minetti y Cía. (Molino San José),JOSE MINETTI Y CIA. LTDA. S.A.C.I.,https://www.modoagrario.com/jose-minetti-y-cia-ltda-saci,1101,HS92,"Molino San José (José Minetti, Córdoba Capital): 820 t/day milling capacity; produces flour types 000/0000, sémolas. 4th largest national flour producer (3.8% national share). Sources: modoagrario.com; 6405-ar.all.biz. → HS 1101.",https://www.modoagrario.com/jose-minetti-y-cia-ltda-saci,1061,207A,Harina de trigo,clean,web-other (modoagrario.com),high,Molienda de trigo + azúcar (Córdoba Capital) — no aparece en el registro ProCórdoba relevado
web_minetti,Jose Minetti y Cía. (Molino San José),JOSE MINETTI Y CIA. LTDA. S.A.C.I.,https://www.modoagrario.com/jose-minetti-y-cia-ltda-saci,2302,HS92,"Same firm produces >200 tons/day of wheat afrechillo pellets for domestic and export markets; Argentina exports ~250,000 t/year of wheat bran pellets. Sources: 6405-ar.all.biz; bichosdecampo.com. → HS 2302 'bran, sharps and other residues, whether or not in the form of pellets, derived from the sifting, milling or other working of cereals or of leguminous plants'.",https://www.modoagrario.com/jose-minetti-y-cia-ltda-saci,1061,212B,"Afrecho, afrechillo, pellets",clean,web-other (all.biz; bichosdecampo.com),high,Molienda de trigo + azúcar (Córdoba Capital) — no aparece en el registro ProCórdoba relevado
web_minetti,Jose Minetti y Cía. (Molino San José),JOSE MINETTI Y CIA. LTDA. S.A.C.I.,https://www.modoagrario.com/jose-minetti-y-cia-ltda-saci,1701,HS92,"Grupo Minetti also produces ~8% of national sugar; firm acts as exporter of sugar, alcohol and grain derivatives. Sources: modoagrario.com. → HS 1701 'cane or beet sugar'.",https://www.modoagrario.com/jose-minetti-y-cia-ltda-saci,1072,29899,Manufacturas de origen agropecuario (confidencial),confidential,web-other (modoagrario.com),high,Molienda de trigo + azúcar (Córdoba Capital) — no aparece en el registro ProCórdoba relevado
web_petroquimica_rt,Petroquímica Río Tercero,PETROQUÍMICA RÍO TERCERO S.A.,https://puntoapunto.com.ar/petroquimica-rio-tercero-cierra-convenio-con-el-grupo-dueno-de-atanor/,2929,HS92,Petroquímica Río Tercero (Córdoba) produces TDI (toluene diisocyanate) 'for both domestic and export markets'; owned by Atanor's parent group. Sources: puntoapunto.com.ar; encyclopedia.com (Atanor). → HS 2929 'compounds with other nitrogen function' (isocyanates 2929.10).,https://puntoapunto.com.ar/petroquimica-rio-tercero-cierra-convenio-con-el-grupo-dueno-de-atanor/,2011,302B,Productos químicos orgánicos,broad-chapter,web-other (puntoapunto.com.ar),high,"Química orgánica (TDI) — Río Tercero, Córdoba; propiedad del grupo Atanor"
web_atanor_rt,Atanor — Planta Río Tercero,ATANOR S.C.A.,https://www.agrolatam.com/nota/35505-atanor-inauguro-una-nueva-planta-de-formulacion-de-herbicidas/,3808,HS92,"Atanor Río Tercero (Córdoba): synthesizes glyphosate, atrazine, 2,4-D — three highest-volume agrochemical molecules in Argentina; ~US$40 M/year in exports overall; star product is trifluralin herbicide (31.3% of sales). Sources: agrolatam.com; bichosdecampo.com; lanacion.com.ar; encyclopedia.com. → HS 3808 'insecticides, rodenticides, fungicides, herbicides, anti-sprouting products and plant-growth regulators'.",https://www.agrolatam.com/nota/35505-atanor-inauguro-una-nueva-planta-de-formulacion-de-herbicidas/,2021,39899,Manufacturas de origen industrial (confidencial),confidential,web-other (agrolatam.com; bichosdecampo.com),high,"Agroquímicos — Río Tercero, Córdoba (plus plants in Pilar & San Nicolás, Bs As)"
